window,sale_date,address,owner_before,owner_now,appraised_now,outcome,note,checked_at,Clerk records,Xome,Zillow search,Nueces CAD
2 days after sale,2026-10-06,"4421 WEISKOPF LN CORPUS CHRISTI, TX 78413",,,,check by hand,"Nueces CAD blocks automated search. Use the links: clerk records (look for a Trustee's Deed recorded after the sale date), Xome, Nueces CAD.",2026-10-08T15:38:11Z,https://nueces.tx.publicsearch.us,https://www.xome.com/realestate/4421-weiskopf-ln-corpus-christi-tx-78413,https://www.zillow.com/homes/4421%20WEISKOPF%20LN%20CORPUS%20CHRISTI%2C%20TX%2078413_rb/,https://esearch.nuecescad.net/
2 days after sale,2026-10-06,"2861 S STAPLES ST CORPUS CHRISTI, TX 78404",Kern Richard & Wf Audrey Moreno,,,check by hand,"Nueces CAD blocks automated search. Use the links: clerk records (look for a Trustee's Deed recorded after the sale date), Xome, Nueces CAD.",2026-10-08T15:38:11Z,https://nueces.tx.publicsearch.us,https://www.xome.com/realestate/2861-s-staples-st-corpus-christi-tx-78404,https://www.zillow.com/homes/2861%20S%20STAPLES%20ST%20CORPUS%20CHRISTI%2C%20TX%2078404_rb/,https://esearch.nuecescad.net/
2 days after sale,2026-10-06,"4491 NORTH OAK CIR BANQUETE, TX 78339",Jarman Jamie And Jennifer Jarman,,,check by hand,"Nueces CAD blocks automated search. Use the links: clerk records (look for a Trustee's Deed recorded after the sale date), Xome, Nueces CAD.",2026-10-08T15:38:11Z,https://nueces.tx.publicsearch.us,https://www.xome.com/realestate/4491-north-oak-cir-banquete-tx-78339,https://www.zillow.com/homes/4491%20NORTH%20OAK%20CIR%20BANQUETE%2C%20TX%2078339_rb/,https://esearch.nuecescad.net/
2 days after sale,2026-10-06,"2630 EXCELSIOR BLVD CORPUS CHRISTI, TX",Sanchez Kristin Nicole,,,check by hand,"Nueces CAD blocks automated search. Use the links: clerk records (look for a Trustee's Deed recorded after the sale date), Xome, Nueces CAD.",2026-10-08T15:38:12Z,https://nueces.tx.publicsearch.us,https://www.xome.com/realestate/2630-excelsior-blvd-corpus-christi-tx,https://www.zillow.com/homes/2630%20EXCELSIOR%20BLVD%20CORPUS%20CHRISTI%2C%20TX_rb/,https://esearch.nuecescad.net/
2 days after sale,2026-10-06,"7926 SPIDERMAN DR CORPUS CHRISTI, TX 78414",Contreras Luis F Galvan &,,,check by hand,"Nueces CAD blocks automated search. Use the links: clerk records (look for a Trustee's Deed recorded after the sale date), Xome, Nueces CAD.",2026-10-08T15:38:12Z,https://nueces.tx.publicsearch.us,https://www.xome.com/realestate/7926-spiderman-dr-corpus-christi-tx-78414,https://www.zillow.com/homes/7926%20SPIDERMAN%20DR%20CORPUS%20CHRISTI%2C%20TX%2078414_rb/,https://esearch.nuecescad.net/
2 days after sale,2026-10-06,"7102 COTTON CLUB DR CORPUS CHRISTI, TX 78414",Martinez Henry & Wf Jennifer Sandoval Martinez,,,check by hand,"Nueces CAD blocks automated search. Use the links: clerk records (look for a Trustee's Deed recorded after the sale date), Xome, Nueces CAD.",2026-10-08T15:38:13Z,https://nueces.tx.publicsearch.us,https://www.xome.com/realestate/7102-cotton-club-dr-corpus-christi-tx-78414,https://www.zillow.com/homes/7102%20COTTON%20CLUB%20DR%20CORPUS%20CHRISTI%2C%20TX%2078414_rb/,https://esearch.nuecescad.net/
2 days after sale,2026-10-06,"2106 KAREN DR CORPUS CHRISTI, TX 78416",,,,check by hand,"Nueces CAD blocks automated search. Use the links: clerk records (look for a Trustee's Deed recorded after the sale date), Xome, Nueces CAD.",2026-10-08T15:38:13Z,https://nueces.tx.publicsearch.us,https://www.xome.com/realestate/2106-karen-dr-corpus-christi-tx-78416,https://www.zillow.com/homes/2106%20KAREN%20DR%20CORPUS%20CHRISTI%2C%20TX%2078416_rb/,https://esearch.nuecescad.net/
2 days after sale,2026-10-06,"353 CATALINA PL CORPUS CHRISTI, TX 78411",,,,check by hand,"Nueces CAD blocks automated search. Use the links: clerk records (look for a Trustee's Deed recorded after the sale date), Xome, Nueces CAD.",2026-10-08T15:38:13Z,https://nueces.tx.publicsearch.us,https://www.xome.com/realestate/353-catalina-pl-corpus-christi-tx-78411,https://www.zillow.com/homes/353%20CATALINA%20PL%20CORPUS%20CHRISTI%2C%20TX%2078411_rb/,https://esearch.nuecescad.net/
2 days after sale,2026-10-06,"10304 N HARRINGTON CORPUS CHRISTI, TX 78410",Zambrano Michelle,,,check by hand,"Nueces CAD blocks automated search. Use the links: clerk records (look for a Trustee's Deed recorded after the sale date), Xome, Nueces CAD.",2026-10-08T15:38:14Z,https://nueces.tx.publicsearch.us,https://www.xome.com/realestate/10304-n-harrington-corpus-christi-tx-78410,https://www.zillow.com/homes/10304%20N%20HARRINGTON%20CORPUS%20CHRISTI%2C%20TX%2078410_rb/,https://esearch.nuecescad.net/
2 days after sale,2026-10-06,"3137 BOAR THICKET DR CORPUS CHRISTI, TX 78414",Hernandez Jose L,,,check by hand,"Nueces CAD blocks automated search. Use the links: clerk records (look for a Trustee's Deed recorded after the sale date), Xome, Nueces CAD.",2026-10-08T15:38:14Z,https://nueces.tx.publicsearch.us,https://www.xome.com/realestate/3137-boar-thicket-dr-corpus-christi-tx-78414,https://www.zillow.com/homes/3137%20BOAR%20THICKET%20DR%20CORPUS%20CHRISTI%2C%20TX%2078414_rb/,https://esearch.nuecescad.net/
2 days after sale,2026-10-06,"10802 GRAND TETON DR CORPUS CHRISTI, TX 78410",Robinson Stephen M,,,check by hand,"Nueces CAD blocks automated search. Use the links: clerk records (look for a Trustee's Deed recorded after the sale date), Xome, Nueces CAD.",2026-10-08T15:38:15Z,https://nueces.tx.publicsearch.us,https://www.xome.com/realestate/10802-grand-teton-dr-corpus-christi-tx-78410,https://www.zillow.com/homes/10802%20GRAND%20TETON%20DR%20CORPUS%20CHRISTI%2C%20TX%2078410_rb/,https://esearch.nuecescad.net/
2 days after sale,2026-10-06,"1357 ROMBS ST CORPUS CHRISTI, TX",Atkinson James Peter & Wf Melinda Ann,,,check by hand,"Nueces CAD blocks automated search. Use the links: clerk records (look for a Trustee's Deed recorded after the sale date), Xome, Nueces CAD.",2026-10-08T15:38:15Z,https://nueces.tx.publicsearch.us,https://www.xome.com/realestate/1357-rombs-st-corpus-christi-tx,https://www.zillow.com/homes/1357%20ROMBS%20ST%20CORPUS%20CHRISTI%2C%20TX_rb/,https://esearch.nuecescad.net/
2 days after sale,2026-10-06,"2818 KITCHENS CORPUS CHRISTI, TX 78405",CASTILLO LEAH,,,check by hand,"Nueces CAD blocks automated search. Use the links: clerk records (look for a Trustee's Deed recorded after the sale date), Xome, Nueces CAD.",2026-10-08T15:38:15Z,https://nueces.tx.publicsearch.us,https://www.xome.com/realestate/2818-kitchens-corpus-christi-tx-78405,https://www.zillow.com/homes/2818%20KITCHENS%20CORPUS%20CHRISTI%2C%20TX%2078405_rb/,https://esearch.nuecescad.net/
2 days after sale,2026-10-06,"3137 HOUSTON CORPUS CHRISTI, TX 78415",Mayen Julio A,,,check by hand,"Nueces CAD blocks automated search. Use the links: clerk records (look for a Trustee's Deed recorded after the sale date), Xome, Nueces CAD.",2026-10-08T15:38:16Z,https://nueces.tx.publicsearch.us,https://www.xome.com/realestate/3137-houston-corpus-christi-tx-78415,https://www.zillow.com/homes/3137%20HOUSTON%20CORPUS%20CHRISTI%2C%20TX%2078415_rb/,https://esearch.nuecescad.net/
